symbol,vendor_symbol,name,asset_class,exchange,currency,sector,is_index,base,quote
EURUSD,EUR/USD,EUR/USD,FOREX,FX,USD,Major,0,EUR,USD
GBPUSD,GBP/USD,GBP/USD,FOREX,FX,USD,Major,0,GBP,USD
USDJPY,USD/JPY,USD/JPY,FOREX,FX,JPY,Major,0,USD,JPY
USDCHF,USD/CHF,USD/CHF,FOREX,FX,CHF,Major,0,USD,CHF
AUDUSD,AUD/USD,AUD/USD,FOREX,FX,USD,Major,0,AUD,USD
USDCAD,USD/CAD,USD/CAD,FOREX,FX,CAD,Major,0,USD,CAD
NZDUSD,NZD/USD,NZD/USD,FOREX,FX,USD,Major,0,NZD,USD
EURGBP,EUR/GBP,EUR/GBP,FOREX,FX,GBP,Cross,0,EUR,GBP
USDINR,USD/INR,USD/INR,FOREX,FX,INR,INR,0,USD,INR
USDHKD,USD/HKD,USD/HKD,FOREX,FX,HKD,Major,0,USD,HKD
USDSGD,USD/SGD,USD/SGD,FOREX,FX,SGD,Major,0,USD,SGD
USDKRW,USD/KRW,USD/KRW,FOREX,FX,KRW,Major,0,USD,KRW
DXY,DXY,US Dollar Index (benchmark),INDEX,FX,USD,,1,,
